timestamp,price,market_cap,volume_24h,circulating_supply,price_change_24h,bullish_sentiment,bearish_sentiment
2025-10-29 05:53:25,"$113,039.77",$2.25T,$66.49B,19.94M BTC,1.24% (24h),82%,18%
2025-10-29 06:14:39,"$112,980.11",$2.25T,$66.67B,19.94M BTC,1.29% (24h),82%,18%
2025-10-29 06:23:38,"$113,060.48",$2.25T,$66.86B,19.94M BTC,1.24% (24h),82%,18%
2025-10-29 06:40:40,"$113,193.51",$2.25T,$66.91B,19.94M BTC,1.09% (24h),82%,18%
2025-10-29 06:51:25,"$113,002.71",$2.25T,$66.81B,19.94M BTC,1.35% (24h),82%,18%
2025-10-29 06:58:19,"$112,901.08",$2.25T,$65.88B,19.94M BTC,1.47% (24h),82%,18%
2025-10-29 07:15:02,"$113,064.93",$2.25T,$66.63B,19.94M BTC,1.26% (24h),82%,18%
2025-10-29 07:30:28,"$113,148.14",$2.25T,$66.67B,19.94M BTC,1.2% (24h),82%,18%
2025-10-29 07:40:27,"$113,188.33",$2.25T,$66.75B,19.94M BTC,1.24% (24h),82%,18%
2025-10-29 07:47:43,"$113,117.54",$2.25T,$66.8B,19.94M BTC,1.18% (24h),82%,18%
2025-10-29 07:55:07,"$113,132.55",$2.25T,$66.42B,19.94M BTC,1.03% (24h),82%,18%
2025-10-29 08:25:21,"$113,192.79",$2.25T,$65.86B,19.94M BTC,0.85% (24h),82%,18%
2025-10-29 09:08:40,"$113,308.61",$2.25T,$64.18B,19.94M BTC,1.12% (24h),82%,18%
2025-10-29 09:42:42,"$113,101.82",$2.25T,$64.38B,19.94M BTC,1.69% (24h),82%,18%
2025-10-29 09:57:59,"$113,004.21",$2.25T,$63.41B,19.94M BTC,2.1% (24h),82%,18%
2025-10-29 10:16:11,"$112,693.19",$2.24T,$63B,19.94M BTC,2.63% (24h),82%,18%
2025-10-29 10:39:12,"$112,699.79",$2.24T,$63.13B,19.94M BTC,2.38% (24h),82%,18%
2025-10-29 10:53:11,"$112,514.06",$2.24T,$61.99B,19.94M BTC,2.13% (24h),82%,18%
2025-10-29 11:15:09,"$112,355.05",$2.24T,$60.86B,19.94M BTC,2.57% (24h),82%,18%
2025-10-29 11:37:29,"$111,857.57",$2.23T,$61.04B,19.94M BTC,2.58% (24h),82%,18%
2025-10-29 11:52:09,"$111,582.73",$2.22T,$61.63B,19.94M BTC,2.81% (24h),82%,18%
2025-10-29 11:59:50,"$111,530.06",$2.22T,$61.7B,19.94M BTC,2.77% (24h),82%,18%
2025-10-29 12:25:59,"$111,246.93",$2.21T,$62.53B,19.94M BTC,3.05% (24h),82%,18%
2025-10-29 12:50:58,"$111,184.08",$2.21T,$63.16B,19.94M BTC,3.55% (24h),82%,18%
2025-10-29 13:02:44,"$111,187.19",$2.21T,$63.03B,19.94M BTC,3.65% (24h),82%,18%
2025-10-29 13:23:15,"$111,079.91",$2.21T,$62.82B,19.94M BTC,3.84% (24h),82%,18%
2025-10-29 13:42:53,"$111,724.20",$2.22T,$62B,19.94M BTC,3.31% (24h),82%,18%
2025-10-29 13:51:04,"$111,815.01",$2.22T,$61.95B,19.94M BTC,3.16% (24h),82%,18%
2025-10-29 13:57:52,"$111,766.72",$2.22T,$62.06B,19.94M BTC,3.12% (24h),82%,18%
2025-10-29 14:21:20,"$111,404.74",$2.22T,$63.06B,19.94M BTC,3.33% (24h),82%,18%
2025-10-29 14:48:17,"$110,114.31",$2.19T,$65.65B,19.94M BTC,4.03% (24h),82%,18%
2025-10-29 14:59:37,"$110,854.72",$2.21T,$67.85B,19.94M BTC,3.55% (24h),82%,18%
2025-10-29 15:14:43,"$111,346.49",$2.22T,$68.39B,19.94M BTC,3.12% (24h),82%,18%
2025-10-29 15:29:59,"$110,973.11",$2.21T,$68.96B,19.94M BTC,2.49% (24h),82%,18%
2025-10-29 15:39:01,"$110,581.40",$2.2T,$68.61B,19.94M BTC,3.08% (24h),82%,18%
2025-10-29 15:45:35,"$110,532.24",$2.2T,$68.49B,19.94M BTC,3% (24h),82%,18%
2025-10-29 15:55:24,"$110,787.38",$2.2T,$68.15B,19.94M BTC,2.64% (24h),82%,18%
2025-10-29 16:16:16,"$110,588.60",$2.2T,$67.16B,19.94M BTC,2.04% (24h),82%,18%
2025-10-29 16:36:26,"$111,207.14",$2.21T,$65.78B,19.94M BTC,1.25% (24h),82%,18%
2025-10-29 16:48:46,"$111,319.98",$2.21T,$66.23B,19.94M BTC,1.18% (24h),82%,18%
2025-10-29 16:56:12,"$111,529.65",$2.22T,$65.17B,19.94M BTC,1.19% (24h),82%,18%
2025-10-29 17:13:03,"$111,486.97",$2.22T,$65.66B,19.94M BTC,0.95% (24h),82%,18%
2025-10-29 17:31:20,"$111,603.52",$2.22T,$63.81B,19.94M BTC,0.96% (24h),82%,18%
2025-10-29 17:41:19,"$111,735.42",$2.22T,$63.4B,19.94M BTC,1.09% (24h),82%,18%
2025-10-29 17:47:46,"$111,648.18",$2.22T,$64.39B,19.94M BTC,1.34% (24h),82%,18%
2025-10-29 17:55:36,"$111,605.46",$2.22T,$64.05B,19.94M BTC,1.31% (24h),82%,18%
2025-10-29 18:12:42,"$111,522.34",$2.22T,$62.98B,19.94M BTC,1.23% (24h),82%,18%
2025-10-29 18:35:26,"$111,191.49",$2.21T,$63.35B,19.94M BTC,1.78% (24h),82%,18%
2025-10-29 18:48:11,"$111,205.75",$2.21T,$62.08B,19.94M BTC,1.8% (24h),82%,18%
2025-10-29 18:54:41,"$111,229.43",$2.21T,$62.81B,19.94M BTC,1.74% (24h),82%,18%
2025-10-29 19:12:48,"$110,718.35",$2.2T,$61.73B,19.94M BTC,2.06% (24h),82%,18%
2025-10-29 19:31:52,"$110,418.36",$2.2T,$61.79B,19.94M BTC,2.21% (24h),82%,18%
2025-10-29 19:41:49,"$109,837.49",$2.19T,$61.65B,19.94M BTC,2.84% (24h),82%,18%
2025-10-29 19:49:17,"$110,016.63",$2.19T,$62.06B,19.94M BTC,2.7% (24h),82%,18%
2025-10-29 19:56:28,"$110,136.14",$2.19T,$62.18B,19.94M BTC,2.48% (24h),82%,18%
2025-10-29 20:58:07,"$110,572.46",$2.2T,$60.17B,19.94M BTC,1.77% (24h),82%,18%
2025-10-29 22:30:25,"$110,945.88",$2.21T,$58.73B,19.94M BTC,1.59% (24h),82%,18%
2025-10-29 23:35:19,"$110,778.67",$2.2T,$60.57B,19.94M BTC,1.57% (24h),82%,18%
2025-10-29 23:58:15,"$110,671.08",$2.2T,$61.57B,19.94M BTC,1.66% (24h),82%,18%
2025-10-30 00:18:17,"$109,925.04",$2.19T,$61.11B,19.94M BTC,2.45% (24h),82%,18%
2025-10-30 00:38:55,"$109,222.27",$2.17T,$64.85B,19.94M BTC,3.14% (24h),82%,18%
2025-10-30 00:49:43,"$108,949.83",$2.17T,$65.42B,19.94M BTC,3.42% (24h),82%,18%
2025-10-30 00:57:12,"$108,889.78",$2.17T,$66B,19.94M BTC,3.5% (24h),82%,18%
2025-10-30 01:13:50,"$108,847.24",$2.17T,$66.66B,19.94M BTC,3.59% (24h),82%,18%
2025-10-30 01:35:22,"$109,275.07",$2.17T,$67.26B,19.94M BTC,3.43% (24h),82%,18%
2025-10-30 01:46:52,"$110,005.85",$2.19T,$67.25B,19.94M BTC,2.81% (24h),82%,18%
2025-10-30 01:53:36,"$110,296.83",$2.19T,$67.37B,19.94M BTC,2.47% (24h),82%,18%
2025-10-30 02:19:23,"$110,067.26",$2.19T,$69.24B,19.94M BTC,2.63% (24h),82%,18%
2025-10-30 02:47:25,"$110,856.06",$2.21T,$69.3B,19.94M BTC,2% (24h),82%,18%
2025-10-30 02:58:11,"$110,809.39",$2.2T,$70.23B,19.94M BTC,2.21% (24h),82%,18%
2025-10-30 03:15:48,"$111,240.64",$2.21T,$70.39B,19.94M BTC,1.8% (24h),82%,18%
2025-10-30 03:31:41,"$111,292.29",$2.21T,$70.29B,19.94M BTC,1.86% (24h),82%,18%
2025-10-30 03:40:57,"$111,238.75",$2.21T,$71.03B,19.94M BTC,1.86% (24h),82%,18%
2025-10-30 03:47:58,"$111,423.89",$2.22T,$70.87B,19.94M BTC,1.69% (24h),82%,18%
2025-10-30 03:55:05,"$111,334.32",$2.22T,$69.95B,19.94M BTC,1.94% (24h),82%,18%
2025-10-30 04:17:02,"$110,928.87",$2.21T,$71.24B,19.94M BTC,2.16% (24h),82%,18%
2025-10-30 04:43:23,"$110,869.41",$2.21T,$71.08B,19.94M BTC,1.99% (24h),82%,18%
2025-10-30 04:57:55,"$110,744.89",$2.2T,$69.58B,19.94M BTC,2.04% (24h),82%,18%
2025-10-30 05:16:37,"$110,458.43",$2.2T,$71.06B,19.94M BTC,2.21% (24h),82%,18%
2025-10-30 05:35:11,"$110,296.30",$2.19T,$70.71B,19.94M BTC,2.33% (24h),82%,18%
2025-10-30 05:48:21,"$110,272.39",$2.19T,$70.69B,19.94M BTC,2.33% (24h),82%,18%
2025-10-30 05:56:12,"$110,352.28",$2.2T,$70.67B,19.94M BTC,2.38% (24h),82%,18%
2025-10-30 06:14:38,"$110,013.28",$2.19T,$71.38B,19.94M BTC,2.62% (24h),82%,18%
2025-10-30 06:39:10,"$110,079.69",$2.19T,$71.89B,19.94M BTC,2.72% (24h),82%,18%
2025-10-30 06:51:39,"$110,131.01",$2.19T,$72.19B,19.94M BTC,2.54% (24h),82%,18%
2025-10-30 06:59:34,"$110,109.51",$2.19T,$72.22B,19.94M BTC,2.47% (24h),82%,18%
2025-10-30 07:15:24,"$109,995.57",$2.19T,$71.49B,19.94M BTC,2.71% (24h),82%,18%
2025-10-30 07:30:48,"$109,987.43",$2.19T,$71.46B,19.94M BTC,2.78% (24h),82%,18%
2025-10-30 07:39:48,"$109,958.07",$2.19T,$71.15B,19.94M BTC,2.82% (24h),82%,18%
2025-10-30 07:46:52,"$110,014.40",$2.19T,$72.46B,19.94M BTC,2.73% (24h),82%,18%
2025-10-30 07:54:11,"$109,828.80",$2.19T,$70.81B,19.94M BTC,2.91% (24h),82%,18%
2025-10-30 08:24:13,"$109,161.86",$2.17T,$72.03B,19.94M BTC,3.57% (24h),82%,18%
2025-10-30 09:07:13,"$108,594.80",$2.16T,$74.12B,19.94M BTC,4.14% (24h),82%,18%
2025-10-30 09:39:43,"$107,775.47",$2.14T,$75.74B,19.94M BTC,4.7% (24h),82%,18%
2025-10-30 09:52:40,"$107,954.26",$2.15T,$76.18B,19.94M BTC,4.43% (24h),82%,18%
2025-10-30 10:12:57,"$107,948.17",$2.15T,$76.97B,19.94M BTC,4.26% (24h),82%,18%
2025-10-30 10:38:06,"$108,101.08",$2.15T,$77.36B,19.94M BTC,4.04% (24h),82%,18%
2025-10-30 10:52:40,"$108,118.51",$2.15T,$76.73B,19.94M BTC,3.85% (24h),82%,18%
2025-10-30 10:58:24,"$108,241.80",$2.15T,$76.86B,19.94M BTC,3.76% (24h),82%,18%
2025-10-30 11:18:57,"$107,819.77",$2.15T,$77.37B,19.94M BTC,4.01% (24h),82%,18%
2025-10-30 11:38:03,"$107,542.51",$2.14T,$77.04B,19.94M BTC,3.73% (24h),82%,18%
2025-10-30 11:49:38,"$107,477.82",$2.14T,$75.67B,19.94M BTC,3.7% (24h),82%,18%
2025-10-30 11:58:22,"$107,748.27",$2.14T,$75.02B,19.94M BTC,3.35% (24h),82%,18%
2025-10-30 12:20:12,"$107,978.34",$2.15T,$74.38B,19.94M BTC,2.87% (24h),82%,18%
2025-10-30 12:45:36,"$108,021.34",$2.15T,$74.53B,19.94M BTC,2.97% (24h),82%,18%
2025-10-30 12:59:04,"$108,065.92",$2.15T,$74.56B,19.94M BTC,2.79% (24h),82%,18%
2025-10-30 13:16:19,"$107,449.02",$2.14T,$73.61B,19.94M BTC,3.32% (24h),82%,18%
2025-10-30 13:36:49,"$107,030.04",$2.13T,$74.19B,19.94M BTC,3.95% (24h),82%,18%
2025-10-30 13:47:05,"$107,439.28",$2.14T,$75.56B,19.94M BTC,3.79% (24h),82%,18%
2025-10-30 13:54:12,"$107,513.11",$2.14T,$74.93B,19.94M BTC,3.9% (24h),82%,18%
2025-10-30 14:18:14,"$107,373.63",$2.14T,$73.72B,19.94M BTC,3.69% (24h),82%,18%
2025-10-30 14:46:55,"$107,045.46",$2.13T,$71.49B,19.94M BTC,2.79% (24h),82%,18%
2025-10-30 14:58:23,"$106,910.22",$2.13T,$69.15B,19.94M BTC,3.73% (24h),82%,18%
2025-10-30 15:13:44,"$106,960.60",$2.13T,$69.05B,19.94M BTC,4% (24h),82%,18%
2025-10-30 15:28:50,"$107,011.37",$2.13T,$68.62B,19.94M BTC,3.61% (24h),82%,18%
2025-10-30 15:37:19,"$106,713.95",$2.12T,$68.55B,19.94M BTC,3.3% (24h),82%,18%
2025-10-30 15:44:51,"$106,762.89",$2.12T,$68.51B,19.94M BTC,3.3% (24h),82%,18%
2025-10-30 15:53:55,"$106,956.95",$2.13T,$68.42B,19.94M BTC,3.35% (24h),82%,18%
2025-10-30 16:14:39,"$106,856.77",$2.13T,$68.66B,19.94M BTC,3.37% (24h),82%,18%
2025-10-30 16:35:13,"$107,163.38",$2.13T,$68.97B,19.94M BTC,3.61% (24h),82%,18%
2025-10-30 16:47:50,"$107,279.75",$2.13T,$69.24B,19.94M BTC,3.57% (24h),82%,18%
2025-10-30 16:54:29,"$107,484.44",$2.14T,$69.02B,19.94M BTC,3.63% (24h),82%,18%
2025-10-30 17:12:27,"$107,594.39",$2.14T,$69.56B,19.94M BTC,3.53% (24h),82%,18%
2025-10-30 17:30:58,"$107,611.41",$2.14T,$69.96B,19.94M BTC,3.53% (24h),82%,18%
2025-10-30 17:40:07,"$107,475.91",$2.14T,$70.67B,19.94M BTC,3.84% (24h),82%,18%
2025-10-30 17:47:00,"$107,724.18",$2.14T,$70.11B,19.94M BTC,3.45% (24h),82%,18%
2025-10-30 17:54:20,"$107,916.21",$2.15T,$69.77B,19.94M BTC,3.33% (24h),82%,18%
2025-10-30 18:13:19,"$107,695.35",$2.14T,$70.81B,19.94M BTC,3.35% (24h),82%,18%
2025-10-30 18:34:35,"$107,508.51",$2.14T,$69.99B,19.94M BTC,3.32% (24h),82%,18%
2025-10-30 18:44:28,"$107,649.92",$2.14T,$70.84B,19.94M BTC,3.22% (24h),82%,18%
2025-10-30 18:54:03,"$107,733.59",$2.14T,$71.01B,19.94M BTC,3.09% (24h),82%,18%
2025-10-30 19:11:55,"$107,658.54",$2.14T,$70.48B,19.94M BTC,2.74% (24h),82%,18%
2025-10-30 19:30:39,"$107,729.08",$2.14T,$70.34B,19.94M BTC,2.5% (24h),82%,18%
2025-10-30 19:39:24,"$108,130.52",$2.15T,$69.75B,19.94M BTC,1.83% (24h),82%,18%
2025-10-30 19:46:15,"$108,016.59",$2.15T,$69.45B,19.94M BTC,1.83% (24h),82%,18%
2025-10-30 19:53:39,"$108,217.02",$2.15T,$69.61B,19.94M BTC,1.67% (24h),82%,18%
2025-10-30 20:56:19,"$109,340.21",$2.18T,$69.3B,19.94M BTC,1.05% (24h),82%,18%
2025-10-30 22:27:42,"$109,368.55",$2.18T,$72.3B,19.94M BTC,1.41% (24h),82%,18%
2025-10-30 23:33:06,"$108,927.53",$2.17T,$72.16B,19.94M BTC,1.67% (24h),82%,18%
2025-10-30 23:59:13,"$109,202.46",$2.17T,$73.36B,19.94M BTC,1.3% (24h),82%,18%
2025-10-31 00:22:02,"$109,237.04",$2.17T,$71.77B,19.94M BTC,0.67% (24h),82%,18%
2025-10-31 00:42:43,"$110,140.36",$2.19T,$69.22B,19.94M BTC,0.92% (24h),82%,18%
2025-10-31 00:55:53,"$110,054.37",$2.19T,$69.07B,19.94M BTC,0.81% (24h),82%,18%
2025-10-31 01:14:19,"$109,786.51",$2.18T,$68.34B,19.94M BTC,0.8% (24h),82%,18%
2025-10-31 01:35:32,"$109,989.10",$2.19T,$69.31B,19.94M BTC,0.67% (24h),82%,18%
2025-10-31 01:46:55,"$109,908.39",$2.19T,$68.81B,19.94M BTC,0% (24h),82%,18%
2025-10-31 02:47:33,"$109,560.58",$2.18T,$66.74B,19.94M BTC,1.15% (24h),82%,18%
2025-10-31 02:59:01,"$109,611.36",$2.18T,$67.25B,19.94M BTC,1.08% (24h),82%,18%
2025-10-31 03:17:04,"$109,649.39",$2.18T,$66.64B,19.94M BTC,1.61% (24h),82%,18%
2025-10-31 03:31:34,"$109,676.01",$2.18T,$66.36B,19.94M BTC,1.42% (24h),82%,18%
2025-10-31 03:41:26,"$109,529.68",$2.18T,$66.56B,19.94M BTC,1.53% (24h),82%,18%
2025-10-31 03:48:32,"$109,479.18",$2.18T,$65.83B,19.94M BTC,1.74% (24h),82%,18%
2025-10-31 03:55:09,"$109,356.33",$2.18T,$64.99B,19.94M BTC,1.77% (24h),82%,18%
2025-10-31 04:16:43,"$109,332.20",$2.18T,$64.87B,19.94M BTC,1.39% (24h),82%,18%
2025-10-31 04:41:48,"$109,685.91",$2.18T,$64.8B,19.94M BTC,1.06% (24h),82%,18%
2025-10-31 04:54:47,"$109,939.02",$2.19T,$64.61B,19.94M BTC,0.75% (24h),82%,18%
2025-10-31 05:14:39,"$110,103.20",$2.19T,$64.64B,19.94M BTC,0.29% (24h),82%,18%
2025-10-31 05:34:53,"$110,013.10",$2.19T,$67.23B,19.94M BTC,0.34% (24h),82%,18%
2025-10-31 05:47:36,"$109,991.36",$2.19T,$66.43B,19.94M BTC,0.22% (24h),82%,18%
2025-10-31 05:54:02,"$109,854.78",$2.19T,$67.21B,19.94M BTC,0.36% (24h),82%,18%
2025-10-31 06:14:28,"$109,779.86",$2.18T,$66.96B,19.94M BTC,0.22% (24h),82%,18%
2025-10-31 06:38:17,"$109,868.82",$2.19T,$66.6B,19.94M BTC,0.21% (24h),82%,18%
2025-10-31 06:49:41,"$109,916.53",$2.19T,$66.58B,19.94M BTC,0.11% (24h),82%,18%
2025-10-31 06:56:38,"$109,847.60",$2.19T,$66.56B,19.94M BTC,0.23% (24h),82%,18%
2025-10-31 07:11:47,"$109,643.08",$2.18T,$65.77B,19.94M BTC,0.29% (24h),82%,18%
2025-10-31 07:27:12,"$109,522.05",$2.18T,$65.61B,19.94M BTC,0.44% (24h),82%,18%
2025-10-31 07:35:46,"$109,480.24",$2.18T,$65.6B,19.94M BTC,0.47% (24h),82%,18%
2025-10-31 07:44:04,"$109,602.53",$2.18T,$65.28B,19.94M BTC,0.3% (24h),82%,18%
2025-10-31 07:54:16,"$110,207.55",$2.19T,$64.33B,19.94M BTC,0.35% (24h),82%,18%
2025-10-31 08:24:53,"$110,305.99",$2.19T,$65.93B,19.94M BTC,1.03% (24h),82%,18%
2025-10-31 09:05:41,"$109,721.29",$2.18T,$64.28B,19.94M BTC,1.21% (24h),82%,18%
2025-10-31 09:38:39,"$109,713.38",$2.18T,$63.45B,19.94M BTC,1.6% (24h),82%,18%
2025-10-31 09:50:19,"$109,917.74",$2.19T,$62.12B,19.94M BTC,1.94% (24h),82%,18%
2025-10-31 09:57:08,"$110,110.28",$2.19T,$61.78B,19.94M BTC,2.07% (24h),82%,18%
2025-10-31 10:13:34,"$110,049.06",$2.19T,$61.36B,19.94M BTC,1.94% (24h),82%,18%
2025-10-31 10:38:04,"$109,966.65",$2.19T,$61.62B,19.94M BTC,1.72% (24h),82%,18%
2025-10-31 10:49:53,"$109,968.03",$2.19T,$60.92B,19.94M BTC,1.77% (24h),82%,18%
2025-10-31 10:56:22,"$110,788.86",$2.2T,$61.63B,19.94M BTC,2.3% (24h),82%,18%
2025-10-31 11:12:17,"$110,750.83",$2.2T,$64.07B,19.94M BTC,2.51% (24h),82%,18%
2025-10-31 11:33:39,"$110,478.50",$2.2T,$64.67B,19.94M BTC,2.48% (24h),82%,18%
2025-10-31 11:47:51,"$110,431.81",$2.2T,$64.65B,19.94M BTC,2.64% (24h),82%,18%
2025-10-31 11:54:41,"$110,393.87",$2.2T,$64.77B,19.94M BTC,2.56% (24h),82%,18%
2025-10-31 12:16:16,"$109,953.25",$2.19T,$65.29B,19.94M BTC,1.74% (24h),82%,18%
2025-10-31 12:42:43,"$109,711.84",$2.18T,$64.8B,19.94M BTC,1.5% (24h),82%,18%
2025-10-31 12:58:03,"$108,762.35",$2.16T,$64.79B,19.94M BTC,0.65% (24h),82%,18%
2025-10-31 13:15:04,"$108,888.20",$2.17T,$66.31B,19.94M BTC,1.27% (24h),82%,18%
2025-10-31 13:35:31,"$109,191.49",$2.17T,$66.06B,19.94M BTC,1.89% (24h),82%,18%
2025-10-31 13:45:29,"$109,236.51",$2.17T,$64.39B,19.94M BTC,1.93% (24h),82%,18%
2025-10-31 13:54:22,"$109,297.20",$2.17T,$65.43B,19.94M BTC,1.66% (24h),82%,18%
2025-10-31 14:19:09,"$109,245.52",$2.17T,$65.66B,19.94M BTC,1.75% (24h),82%,18%
2025-10-31 14:46:26,"$109,568.59",$2.18T,$65.49B,19.94M BTC,2.39% (24h),82%,18%
2025-10-31 14:58:10,"$109,319.28",$2.18T,$66.21B,19.94M BTC,2.25% (24h),82%,18%
2025-10-31 15:14:34,"$109,242.53",$2.17T,$65.09B,19.94M BTC,2.15% (24h),82%,18%
2025-10-31 15:27:11,"$109,788.74",$2.18T,$64.76B,19.94M BTC,2.62% (24h),82%,18%
2025-10-31 15:35:23,"$110,024.03",$2.19T,$64.81B,19.94M BTC,2.96% (24h),82%,18%
2025-10-31 15:43:30,"$109,848.19",$2.19T,$65.1B,19.94M BTC,3.01% (24h),82%,18%
2025-10-31 15:54:18,"$109,993.95",$2.19T,$64.35B,19.94M BTC,2.82% (24h),82%,18%
2025-10-31 16:15:02,"$109,708.20",$2.18T,$64.72B,19.94M BTC,2.63% (24h),82%,18%
2025-10-31 16:35:40,"$109,492.25",$2.18T,$63.07B,19.94M BTC,2.15% (24h),82%,18%
2025-10-31 16:45:06,"$109,472.05",$2.18T,$62.79B,19.94M BTC,2.02% (24h),82%,18%
2025-10-31 16:54:05,"$109,474.75",$2.18T,$63.24B,19.94M BTC,1.79% (24h),82%,18%
2025-10-31 17:12:29,"$109,475.45",$2.18T,$62.34B,19.94M BTC,1.74% (24h),82%,18%
2025-10-31 17:27:02,"$109,533.39",$2.18T,$62.63B,19.94M BTC,1.76% (24h),82%,18%
2025-10-31 17:35:25,"$109,434.11",$2.18T,$62.51B,19.94M BTC,1.74% (24h),82%,18%
2025-10-31 17:44:31,"$109,573.21",$2.18T,$62.41B,19.94M BTC,1.73% (24h),82%,18%
2025-10-31 17:54:17,"$109,582.61",$2.18T,$62.2B,19.94M BTC,1.56% (24h),82%,18%
2025-10-31 18:12:45,"$109,642.59",$2.18T,$61.98B,19.94M BTC,1.81% (24h),82%,18%
2025-10-31 18:34:40,"$109,645.57",$2.18T,$61.13B,19.94M BTC,1.96% (24h),82%,18%
2025-10-31 18:46:08,"$109,543.47",$2.18T,$61.85B,19.94M BTC,1.75% (24h),82%,18%
2025-10-31 18:54:22,"$109,559.77",$2.18T,$61.65B,19.94M BTC,1.69% (24h),82%,18%
2025-10-31 19:13:16,"$109,538.37",$2.18T,$61.28B,19.94M BTC,1.78% (24h),82%,18%
2025-10-31 19:30:32,"$109,560.86",$2.18T,$61.21B,19.94M BTC,1.73% (24h),82%,18%
2025-10-31 19:37:35,"$109,521.93",$2.18T,$60.91B,19.94M BTC,1.19% (24h),82%,18%
2025-10-31 19:44:45,"$109,605.84",$2.18T,$60.64B,19.94M BTC,1.5% (24h),82%,18%
2025-10-31 19:54:10,"$109,583.41",$2.18T,$60.25B,19.94M BTC,1.27% (24h),82%,18%
2025-10-31 20:59:07,"$109,681.00",$2.18T,$58.47B,19.94M BTC,0.26% (24h),82%,18%
2025-10-31 22:42:50,"$109,526.69",$2.18T,$55B,19.94M BTC,0.64% (24h),82%,18%
2025-10-31 23:36:16,"$110,040.52",$2.19T,$53.18B,19.94M BTC,0.84% (24h),82%,18%
2025-10-31 23:57:46,"$110,219.28",$2.19T,$53.71B,19.94M BTC,0.97% (24h),82%,18%
2025-11-01 00:15:54,"$110,198.18",$2.19T,$53.52B,19.94M BTC,0.74% (24h),82%,18%
2025-11-01 00:35:11,"$110,298.31",$2.19T,$53.11B,19.94M BTC,0.55% (24h),82%,18%
2025-11-01 00:46:14,"$110,239.97",$2.19T,$53.04B,19.94M BTC,0.16% (24h),82%,18%
2025-11-01 00:53:42,"$110,224.49",$2.19T,$52.58B,19.94M BTC,0.21% (24h),82%,18%
2025-11-01 01:12:39,"$110,048.15",$2.19T,$51.8B,19.94M BTC,0.08% (24h),82%,18%
2025-11-01 01:33:51,"$110,109.36",$2.19T,$51.31B,19.94M BTC,0.13% (24h),82%,18%
2025-11-01 01:45:38,"$110,225.12",$2.19T,$50.39B,19.94M BTC,0.32% (24h),82%,18%
2025-11-01 01:53:48,"$110,153.70",$2.19T,$51.24B,19.94M BTC,0.25% (24h),82%,18%
2025-11-01 02:17:38,"$109,996.73",$2.19T,$49.98B,19.94M BTC,0.28% (24h),82%,18%
2025-11-01 02:42:50,"$109,960.02",$2.19T,$50.56B,19.94M BTC,0.35% (24h),82%,18%
2025-11-01 02:54:48,"$109,923.99",$2.19T,$50.57B,19.94M BTC,0.33% (24h),82%,18%
2025-11-01 03:11:49,"$110,063.30",$2.19T,$50.33B,19.94M BTC,0.52% (24h),82%,18%
2025-11-01 03:27:07,"$110,129.31",$2.19T,$49.21B,19.94M BTC,0.45% (24h),82%,18%
2025-11-01 03:35:14,"$110,135.28",$2.19T,$49.1B,19.94M BTC,0.38% (24h),82%,18%
2025-11-01 03:43:55,"$110,059.40",$2.19T,$49.64B,19.94M BTC,0.46% (24h),82%,18%
2025-11-01 03:54:13,"$110,015.11",$2.19T,$49.29B,19.94M BTC,0.62% (24h),82%,18%
2025-11-01 04:15:36,"$110,111.84",$2.19T,$47.54B,19.94M BTC,0.76% (24h),82%,18%
2025-11-01 04:36:30,"$110,142.46",$2.19T,$48.27B,19.94M BTC,0.41% (24h),82%,18%
2025-11-01 04:49:20,"$110,157.18",$2.19T,$48.11B,19.94M BTC,0.2% (24h),82%,18%
2025-11-01 04:56:01,"$110,171.67",$2.19T,$48.2B,19.94M BTC,0.21% (24h),82%,18%
2025-11-01 05:13:16,"$110,158.08",$2.19T,$47.3B,19.94M BTC,0.02% (24h),82%,18%
2025-11-01 05:31:11,"$110,107.28",$2.19T,$46.84B,19.94M BTC,0.07% (24h),82%,18%
2025-11-01 05:39:46,"$110,018.13",$2.19T,$46.95B,19.94M BTC,0.06% (24h),82%,18%
2025-11-01 05:46:47,"$109,987.03",$2.19T,$46.77B,19.94M BTC,0.03% (24h),82%,18%
2025-11-01 05:53:48,"$109,924.95",$2.19T,$46.66B,19.94M BTC,0.02% (24h),82%,18%
2025-11-01 06:13:10,"$109,812.43",$2.18T,$46.9B,19.94M BTC,0.01% (24h),82%,18%
2025-11-01 06:34:13,"$109,963.26",$2.19T,$46.93B,19.94M BTC,0.2% (24h),82%,18%
2025-11-01 06:45:20,"$110,000.11",$2.19T,$46.81B,19.94M BTC,0.01% (24h),82%,18%
2025-11-01 06:53:38,"$110,084.85",$2.19T,$45.98B,19.94M BTC,0.13% (24h),82%,18%
2025-11-01 07:10:21,"$110,149.94",$2.19T,$46.56B,19.94M BTC,0.46% (24h),82%,18%
2025-11-01 07:23:46,"$110,084.89",$2.19T,$46.39B,19.94M BTC,0.49% (24h),82%,18%
2025-11-01 07:35:15,"$109,972.95",$2.19T,$46.16B,19.94M BTC,0.46% (24h),82%,18%
2025-11-01 07:43:48,"$110,042.39",$2.19T,$45.37B,19.94M BTC,0.34% (24h),82%,18%
2025-11-01 07:53:57,"$110,109.70",$2.19T,$45.92B,19.94M BTC,0.07% (24h),82%,18%
2025-11-01 08:21:17,"$110,034.96",$2.19T,$44.95B,19.94M BTC,0.27% (24h),82%,18%
2025-11-01 08:56:39,"$109,977.64",$2.19T,$43.98B,19.94M BTC,0.25% (24h),82%,18%
2025-11-01 09:19:23,"$109,936.27",$2.19T,$43.5B,19.94M BTC,0.01% (24h),82%,18%
2025-11-01 09:35:34,"$109,990.95",$2.19T,$42.59B,19.94M BTC,0.39% (24h),82%,18%
2025-11-01 09:44:17,"$109,721.66",$2.18T,$42.74B,19.94M BTC,0.17% (24h),82%,18%
2025-11-01 09:53:50,"$109,923.74",$2.19T,$41.61B,19.94M BTC,0.04% (24h),82%,18%
2025-11-01 10:12:34,"$109,787.28",$2.18T,$41.43B,19.94M BTC,0.38% (24h),82%,18%
2025-11-01 10:29:32,"$109,835.08",$2.19T,$40.52B,19.94M BTC,0.05% (24h),82%,18%
2025-11-01 10:39:09,"$109,844.11",$2.19T,$40.06B,19.94M BTC,0.11% (24h),82%,18%
2025-11-01 10:46:03,"$109,882.00",$2.19T,$39.95B,19.94M BTC,0.07% (24h),82%,18%
2025-11-01 10:53:54,"$109,848.39",$2.19T,$39.41B,19.94M BTC,0.22% (24h),82%,18%
2025-11-01 11:11:47,"$110,288.33",$2.19T,$37.57B,19.94M BTC,0.56% (24h),82%,18%
2025-11-01 11:26:32,"$110,069.17",$2.19T,$35.48B,19.94M BTC,0.27% (24h),82%,18%
2025-11-01 11:34:22,"$110,130.90",$2.19T,$34.79B,19.94M BTC,0.3% (24h),82%,18%
2025-11-01 11:43:26,"$110,075.61",$2.19T,$34.47B,19.94M BTC,0.1% (24h),82%,18%
2025-11-01 11:54:07,"$110,155.86",$2.19T,$34.08B,19.94M BTC,0.13% (24h),82%,18%
2025-11-01 12:13:12,"$110,346.73",$2.2T,$33.96B,19.94M BTC,0.34% (24h),82%,18%
2025-11-01 12:35:48,"$110,398.01",$2.2T,$34.51B,19.94M BTC,0.43% (24h),82%,18%
2025-11-01 12:47:14,"$110,509.99",$2.2T,$33.5B,19.94M BTC,0.84% (24h),82%,18%
2025-11-01 12:53:39,"$110,547.30",$2.2T,$33.16B,19.94M BTC,1.33% (24h),82%,18%
2025-11-01 13:10:30,"$110,344.34",$2.2T,$33.06B,19.94M BTC,1.13% (24h),82%,18%
2025-11-01 13:26:42,"$110,312.28",$2.19T,$31.01B,19.94M BTC,1.2% (24h),82%,18%
2025-11-01 13:35:16,"$110,286.55",$2.19T,$31.17B,19.94M BTC,1.06% (24h),82%,18%
2025-11-01 13:44:13,"$110,401.97",$2.2T,$31.28B,19.94M BTC,1.05% (24h),82%,18%
2025-11-01 13:54:10,"$110,444.77",$2.2T,$31.24B,19.94M BTC,1.02% (24h),82%,18%
2025-11-01 14:16:05,"$110,352.97",$2.2T,$29.99B,19.94M BTC,0.95% (24h),82%,18%
2025-11-01 14:39:15,"$110,316.50",$2.2T,$30.36B,19.94M BTC,0.98% (24h),82%,18%
2025-11-01 14:49:13,"$110,340.23",$2.2T,$29.56B,19.94M BTC,0.86% (24h),82%,18%
2025-11-01 14:55:58,"$110,433.16",$2.2T,$29.4B,19.94M BTC,1.01% (24h),82%,18%
2025-11-01 15:09:38,"$110,373.69",$2.2T,$29.05B,19.94M BTC,1.08% (24h),82%,18%
2025-11-01 15:22:13,"$110,359.97",$2.2T,$28.93B,19.94M BTC,0.69% (24h),82%,18%
2025-11-01 15:34:26,"$110,311.38",$2.19T,$28.3B,19.94M BTC,0.39% (24h),82%,18%
2025-11-01 15:43:34,"$110,357.88",$2.2T,$28.17B,19.94M BTC,0.46% (24h),82%,18%
2025-11-01 15:54:17,"$110,373.92",$2.2T,$26.97B,19.94M BTC,0.36% (24h),82%,18%
2025-11-01 16:12:09,"$110,414.37",$2.2T,$26.96B,19.94M BTC,0.65% (24h),82%,18%
2025-11-01 16:31:40,"$110,533.68",$2.2T,$24.62B,19.94M BTC,0.84% (24h),82%,18%
2025-11-01 16:41:31,"$110,510.33",$2.2T,$26.71B,19.94M BTC,0.91% (24h),82%,18%
2025-11-01 16:48:13,"$110,479.15",$2.2T,$25.09B,19.94M BTC,0.73% (24h),82%,18%
2025-11-01 16:54:54,"$110,538.76",$2.2T,$25.29B,19.94M BTC,0.97% (24h),82%,18%
2025-11-01 17:10:42,"$110,451.24",$2.2T,$26.36B,19.94M BTC,0.85% (24h),82%,18%
2025-11-01 17:25:16,"$110,291.55",$2.19T,$26.37B,19.94M BTC,0.63% (24h),82%,18%
2025-11-01 17:34:52,"$110,258.62",$2.19T,$26.28B,19.94M BTC,0.72% (24h),82%,18%
2025-11-01 17:43:56,"$110,146.64",$2.19T,$25.43B,19.94M BTC,0.45% (24h),82%,18%
2025-11-01 17:54:11,"$110,019.08",$2.19T,$25.25B,19.94M BTC,0.39% (24h),82%,18%
2025-11-01 18:11:12,"$109,962.85",$2.19T,$25.34B,19.94M BTC,0.35% (24h),82%,18%
2025-11-01 18:29:39,"$109,978.46",$2.19T,$25.37B,19.94M BTC,0.34% (24h),82%,18%
2025-11-01 18:40:41,"$110,009.92",$2.19T,$26.13B,19.94M BTC,0.32% (24h),82%,18%
2025-11-01 18:47:34,"$109,999.23",$2.19T,$26.12B,19.94M BTC,0.43% (24h),82%,18%
2025-11-01 18:54:19,"$109,985.16",$2.19T,$26.01B,19.94M BTC,0.39% (24h),82%,18%
2025-11-01 19:11:54,"$110,002.89",$2.19T,$25.85B,19.94M BTC,0.42% (24h),82%,18%
2025-11-01 19:30:00,"$110,031.64",$2.19T,$25.95B,19.94M BTC,0.42% (24h),82%,18%
2025-11-01 19:38:33,"$109,964.44",$2.19T,$25.82B,19.94M BTC,0.39% (24h),82%,18%
2025-11-01 19:44:38,"$110,001.14",$2.19T,$25.88B,19.94M BTC,0.35% (24h),82%,18%
2025-11-01 19:54:01,"$109,989.34",$2.19T,$25.82B,19.94M BTC,0.37% (24h),82%,18%
2025-11-01 20:59:38,"$109,934.53",$2.19T,$25.6B,19.94M BTC,0.23% (24h),82%,18%
2025-11-01 22:46:24,"$110,007.20",$2.19T,$24.42B,19.94M BTC,0.36% (24h),82%,18%
2025-11-01 23:39:55,"$109,952.98",$2.19T,$24.58B,19.94M BTC,0.09% (24h),82%,18%
2025-11-02 00:01:13,"$110,009.89",$2.19T,$24.36B,19.94M BTC,0.15% (24h),82%,18%
2025-11-02 00:26:25,"$110,107.43",$2.19T,$23.59B,19.94M BTC,0.12% (24h),82%,18%
2025-11-02 00:42:50,"$110,264.57",$2.19T,$23.96B,19.94M BTC,0.08% (24h),82%,18%
2025-11-02 00:54:06,"$110,494.40",$2.2T,$24.53B,19.94M BTC,0.22% (24h),82%,18%
2025-11-02 01:13:01,"$110,458.83",$2.2T,$24.96B,19.94M BTC,0.38% (24h),82%,18%
2025-11-02 01:33:58,"$110,450.18",$2.2T,$26.38B,19.94M BTC,0.35% (24h),82%,18%
2025-11-02 01:46:09,"$110,495.02",$2.2T,$26.77B,19.94M BTC,0.25% (24h),82%,18%
2025-11-02 01:53:46,"$110,359.50",$2.2T,$26.76B,19.94M BTC,0.18% (24h),82%,18%
2025-11-02 01:18:35,"$110,360.95",$2.2T,$27.36B,19.94M BTC,0.33% (24h),82%,18%
2025-11-02 01:45:01,"$110,436.51",$2.2T,$27.66B,19.94M BTC,0.47% (24h),82%,18%
2025-11-02 01:56:08,"$110,657.52",$2.2T,$28.04B,19.94M BTC,0.63% (24h),82%,18%
2025-11-02 02:11:56,"$110,505.18",$2.2T,$27.36B,19.94M BTC,0.39% (24h),82%,18%
2025-11-02 02:30:12,"$110,472.75",$2.2T,$28.26B,19.94M BTC,0.32% (24h),82%,18%
2025-11-02 02:38:16,"$110,525.50",$2.2T,$28.11B,19.94M BTC,0.33% (24h),82%,18%
2025-11-02 02:45:35,"$110,656.31",$2.2T,$28.08B,19.94M BTC,0.53% (24h),82%,18%
2025-11-02 02:54:21,"$110,952.40",$2.21T,$27.83B,19.94M BTC,0.85% (24h),82%,18%
2025-11-02 03:15:39,"$110,754.22",$2.2T,$28.25B,19.94M BTC,0.58% (24h),82%,18%
2025-11-02 03:35:06,"$110,700.47",$2.2T,$28.34B,19.94M BTC,0.49% (24h),82%,18%
2025-11-02 03:47:12,"$110,748.73",$2.2T,$29.34B,19.94M BTC,0.56% (24h),82%,18%
2025-11-02 03:54:44,"$110,776.03",$2.2T,$29.34B,19.94M BTC,0.52% (24h),82%,18%
2025-11-02 04:11:58,"$110,862.47",$2.21T,$29.55B,19.94M BTC,0.64% (24h),82%,18%
2025-11-02 04:28:08,"$110,973.42",$2.21T,$29.63B,19.94M BTC,0.78% (24h),82%,18%
2025-11-02 04:36:30,"$110,747.19",$2.2T,$29.68B,19.94M BTC,0.64% (24h),82%,18%
2025-11-02 04:44:01,"$110,572.30",$2.2T,$29.74B,19.94M BTC,0.49% (24h),82%,18%
2025-11-02 04:54:12,"$110,579.74",$2.2T,$29B,19.94M BTC,0.59% (24h),82%,18%
2025-11-02 05:12:04,"$110,719.11",$2.2T,$29.16B,19.94M BTC,0.79% (24h),82%,18%
2025-11-02 05:34:00,"$110,373.72",$2.2T,$30.28B,19.94M BTC,0.38% (24h),82%,18%
2025-11-02 05:45:03,"$110,362.87",$2.2T,$30.46B,19.94M BTC,0.33% (24h),82%,18%
2025-11-02 05:54:01,"$110,419.77",$2.2T,$30.65B,19.94M BTC,0.3% (24h),82%,18%
2025-11-02 06:10:39,"$110,628.09",$2.2T,$29.96B,19.94M BTC,0.43% (24h),82%,18%
2025-11-02 06:23:42,"$110,774.77",$2.2T,$29.98B,19.94M BTC,0.62% (24h),82%,18%
2025-11-02 06:35:15,"$110,783.37",$2.2T,$30.06B,19.94M BTC,0.73% (24h),82%,18%
2025-11-02 06:44:09,"$110,904.15",$2.21T,$30.36B,19.94M BTC,0.78% (24h),82%,18%
2025-11-02 06:53:51,"$111,123.93",$2.21T,$30.39B,19.94M BTC,0.92% (24h),82%,18%
2025-11-02 07:21:12,"$111,043.47",$2.21T,$31.72B,19.94M BTC,0.9% (24h),82%,18%
2025-11-02 07:56:12,"$110,769.73",$2.2T,$31.3B,19.94M BTC,0.7% (24h),82%,18%
2025-11-02 08:18:44,"$110,431.30",$2.2T,$31.43B,19.94M BTC,0.45% (24h),82%,18%
2025-11-02 08:34:39,"$110,427.21",$2.2T,$32.5B,19.94M BTC,0.4% (24h),82%,18%
2025-11-02 08:44:04,"$110,354.17",$2.2T,$32.43B,19.94M BTC,0.57% (24h),82%,18%
2025-11-02 08:53:42,"$110,429.10",$2.2T,$32.42B,19.94M BTC,0.46% (24h),82%,18%
2025-11-02 09:11:25,"$110,584.71",$2.2T,$32.61B,19.94M BTC,0.71% (24h),82%,18%
2025-11-02 09:29:35,"$110,216.56",$2.19T,$31.79B,19.94M BTC,0.38% (24h),82%,18%
2025-11-02 09:38:50,"$110,374.28",$2.2T,$32.73B,19.94M BTC,0.47% (24h),82%,18%
2025-11-02 09:46:14,"$110,251.45",$2.19T,$32.55B,19.94M BTC,0.33% (24h),82%,18%
2025-11-02 09:54:15,"$110,435.59",$2.2T,$32.77B,19.94M BTC,0.53% (24h),82%,18%
2025-11-02 10:11:36,"$110,338.19",$2.2T,$32.84B,19.94M BTC,0.03% (24h),82%,18%
2025-11-02 10:28:16,"$110,487.88",$2.2T,$32.61B,19.94M BTC,0.39% (24h),82%,18%
2025-11-02 10:37:43,"$110,447.46",$2.2T,$31.78B,19.94M BTC,0.35% (24h),82%,18%
2025-11-02 10:44:48,"$110,263.96",$2.19T,$31.79B,19.94M BTC,0.16% (24h),82%,18%
2025-11-02 10:53:35,"$110,234.10",$2.19T,$32.66B,19.94M BTC,0.11% (24h),82%,18%
2025-11-02 11:13:43,"$109,831.51",$2.19T,$33.11B,19.94M BTC,0.46% (24h),82%,18%
2025-11-02 11:36:31,"$110,010.93",$2.19T,$33.18B,19.94M BTC,0.35% (24h),82%,18%
2025-11-02 11:47:37,"$110,005.58",$2.19T,$32.39B,19.94M BTC,0.45% (24h),82%,18%
2025-11-02 11:55:02,"$110,076.49",$2.19T,$32.28B,19.94M BTC,0.39% (24h),82%,18%
2025-11-02 12:11:10,"$110,201.81",$2.19T,$32.93B,19.94M BTC,0.18% (24h),82%,18%
2025-11-02 12:28:18,"$110,214.12",$2.19T,$32.95B,19.94M BTC,0.07% (24h),82%,18%
2025-11-02 12:38:00,"$110,079.66",$2.19T,$32.96B,19.94M BTC,0.21% (24h),82%,18%
2025-11-02 12:45:02,"$110,048.20",$2.19T,$32.95B,19.94M BTC,0.31% (24h),82%,18%
2025-11-02 12:53:26,"$110,028.66",$2.19T,$32.22B,19.94M BTC,0.36% (24h),82%,18%
2025-11-02 13:15:29,"$110,189.66",$2.19T,$32.12B,19.94M BTC,0.14% (24h),82%,18%
2025-11-02 13:38:54,"$110,241.19",$2.19T,$32.81B,19.94M BTC,0.08% (24h),82%,18%
2025-11-02 13:49:10,"$110,271.98",$2.19T,$32.86B,19.94M BTC,0.06% (24h),82%,18%
2025-11-02 13:56:17,"$110,312.52",$2.2T,$32.89B,19.94M BTC,0.1% (24h),82%,18%
2025-11-02 14:09:56,"$110,208.07",$2.19T,$32.93B,19.94M BTC,0.15% (24h),82%,18%
2025-11-02 14:22:15,"$110,152.96",$2.19T,$32.97B,19.94M BTC,0.18% (24h),82%,18%
2025-11-02 14:35:01,"$110,094.14",$2.19T,$33.02B,19.94M BTC,0.2% (24h),82%,18%
2025-11-02 14:43:54,"$110,025.88",$2.19T,$32.5B,19.94M BTC,0.26% (24h),82%,18%
2025-11-02 14:54:05,"$110,077.22",$2.19T,$32.47B,19.94M BTC,0.26% (24h),82%,18%
2025-11-02 15:13:09,"$110,027.02",$2.19T,$33.21B,19.94M BTC,0.38% (24h),82%,18%
2025-11-02 15:32:19,"$109,929.79",$2.19T,$33.45B,19.94M BTC,0.54% (24h),82%,18%
2025-11-02 15:44:58,"$110,033.30",$2.19T,$32.1B,19.94M BTC,0.45% (24h),82%,18%
2025-11-02 15:54:20,"$110,051.79",$2.19T,$33.47B,19.94M BTC,0.41% (24h),82%,18%
2025-11-02 16:11:01,"$110,052.32",$2.19T,$33.47B,19.94M BTC,0.36% (24h),82%,18%
2025-11-02 16:26:11,"$110,011.70",$2.19T,$32.5B,19.94M BTC,0.24% (24h),82%,18%
2025-11-02 16:35:08,"$110,021.78",$2.19T,$33.34B,19.94M BTC,0.21% (24h),82%,18%
2025-11-02 16:43:47,"$110,008.39",$2.19T,$33.44B,19.94M BTC,0.13% (24h),82%,18%
2025-11-02 16:54:08,"$110,066.90",$2.19T,$32.58B,19.94M BTC,0.04% (24h),82%,18%
2025-11-02 17:12:06,"$109,992.10",$2.19T,$33.15B,19.94M BTC,0.02% (24h),82%,18%
2025-11-02 17:30:38,"$109,976.21",$2.19T,$33.16B,19.94M BTC,0.01% (24h),82%,18%
2025-11-02 17:41:03,"$109,579.33",$2.18T,$33.31B,19.94M BTC,0.37% (24h),82%,18%
2025-11-02 17:48:07,"$109,655.60",$2.18T,$32.86B,19.94M BTC,0.31% (24h),82%,18%
2025-11-02 17:54:54,"$109,719.58",$2.18T,$32.9B,19.94M BTC,0.24% (24h),82%,18%
2025-11-02 18:11:49,"$110,324.82",$2.2T,$33.04B,19.94M BTC,0.29% (24h),82%,18%
2025-11-02 18:27:46,"$110,194.74",$2.19T,$33.35B,19.94M BTC,0.15% (24h),82%,18%
2025-11-02 18:35:55,"$110,232.96",$2.19T,$34.65B,19.94M BTC,0.2% (24h),82%,18%
2025-11-02 18:43:49,"$110,468.15",$2.2T,$34.69B,19.94M BTC,0.43% (24h),82%,18%
2025-11-02 18:54:12,"$110,605.35",$2.2T,$35.03B,19.94M BTC,0.56% (24h),82%,18%
2025-11-02 19:59:36,"$109,813.03",$2.19T,$34.62B,19.94M BTC,0.09% (24h),82%,18%
2025-11-02 21:46:41,"$108,772.22",$2.16T,$37.85B,19.94M BTC,1.12% (24h),82%,18%
2025-11-02 22:43:48,"$108,298.00",$2.15T,$40.73B,19.94M BTC,1.5% (24h),82%,18%
2025-11-02 23:06:59,"$107,591.67",$2.14T,$41.69B,19.94M BTC,2.18% (24h),82%,18%
2025-11-02 23:39:07,"$107,851.52",$2.15T,$43.05B,19.94M BTC,2.06% (24h),82%,18%
2025-11-02 23:53:52,"$107,923.46",$2.15T,$42.97B,19.94M BTC,2.32% (24h),82%,18%
2025-11-03 00:15:04,"$107,997.78",$2.15T,$42.51B,19.94M BTC,2.23% (24h),82%,18%
2025-11-03 00:35:48,"$107,900.36",$2.15T,$41.92B,19.94M BTC,2.29% (24h),82%,18%
2025-11-03 00:47:34,"$107,539.69",$2.14T,$42.63B,19.94M BTC,2.64% (24h),82%,18%
2025-11-03 00:54:26,"$107,595.49",$2.14T,$41.86B,19.94M BTC,2.52% (24h),82%,18%
2025-11-03 01:20:49,"$107,440.88",$2.14T,$42.04B,19.94M BTC,2.66% (24h),82%,18%
2025-11-03 01:50:33,"$107,486.62",$2.14T,$42.48B,19.94M BTC,2.84% (24h),82%,18%
2025-11-03 02:01:13,"$107,417.78",$2.14T,$42.81B,19.94M BTC,2.91% (24h),82%,18%
2025-11-03 02:22:40,"$107,356.80",$2.14T,$44.04B,19.94M BTC,2.8% (24h),82%,18%
2025-11-03 02:39:01,"$107,590.32",$2.14T,$44.38B,19.94M BTC,2.64% (24h),82%,18%
2025-11-03 02:46:38,"$107,464.88",$2.14T,$43.8B,19.94M BTC,2.89% (24h),82%,18%
2025-11-03 02:53:43,"$107,622.91",$2.14T,$43.78B,19.94M BTC,2.93% (24h),82%,18%
2025-11-03 03:19:41,"$107,526.78",$2.14T,$44.5B,19.94M BTC,2.94% (24h),82%,18%
2025-11-03 03:46:34,"$107,108.25",$2.13T,$43.75B,19.94M BTC,3.33% (24h),82%,18%
2025-11-03 03:59:16,"$107,536.72",$2.14T,$45.07B,19.94M BTC,2.92% (24h),82%,18%
2025-11-03 04:23:13,"$107,453.66",$2.14T,$44.95B,19.94M BTC,3.18% (24h),82%,18%
2025-11-03 04:44:07,"$107,231.53",$2.13T,$45.31B,19.94M BTC,3.01% (24h),82%,18%
2025-11-03 04:55:33,"$107,098.62",$2.13T,$45.26B,19.94M BTC,3.16% (24h),82%,18%
2025-11-03 05:15:42,"$107,518.92",$2.14T,$45.84B,19.94M BTC,2.96% (24h),82%,18%
2025-11-03 05:42:57,"$107,264.29",$2.13T,$45.66B,19.94M BTC,2.84% (24h),82%,18%
2025-11-03 05:55:30,"$107,154.28",$2.13T,$45.07B,19.94M BTC,2.93% (24h),82%,18%
2025-11-03 06:12:20,"$107,491.56",$2.14T,$46.94B,19.94M BTC,2.84% (24h),82%,18%
2025-11-03 06:29:47,"$107,617.09",$2.14T,$46.18B,19.94M BTC,2.92% (24h),82%,18%
2025-11-03 06:38:57,"$107,640.68",$2.14T,$47.34B,19.94M BTC,2.89% (24h),82%,18%
2025-11-03 06:45:59,"$107,757.32",$2.14T,$47.31B,19.94M BTC,2.81% (24h),82%,18%
2025-11-03 06:54:21,"$107,863.98",$2.15T,$46.39B,19.94M BTC,2.93% (24h),82%,18%
2025-11-03 07:24:49,"$108,090.38",$2.15T,$46.49B,19.94M BTC,2.56% (24h),82%,18%
2025-11-03 08:06:42,"$107,646.83",$2.14T,$46.82B,19.94M BTC,2.66% (24h),82%,18%
2025-11-03 08:39:49,"$107,958.60",$2.15T,$47.01B,19.94M BTC,2.12% (24h),82%,18%
2025-11-03 08:51:53,"$107,881.39",$2.15T,$47.21B,19.94M BTC,2.31% (24h),82%,18%
2025-11-03 08:58:59,"$107,880.84",$2.15T,$47.34B,19.94M BTC,2.38% (24h),82%,18%
2025-11-03 09:16:54,"$107,868.20",$2.15T,$47.27B,19.94M BTC,2.33% (24h),82%,18%
2025-11-03 09:39:06,"$107,760.88",$2.14T,$47.94B,19.94M BTC,2.38% (24h),82%,18%
2025-11-03 09:51:14,"$107,787.97",$2.14T,$47.05B,19.94M BTC,2.28% (24h),82%,18%
2025-11-03 09:57:53,"$108,000.35",$2.15T,$47.44B,19.94M BTC,2.2% (24h),82%,18%
2025-11-03 10:17:02,"$107,490.51",$2.14T,$48.83B,19.94M BTC,2.65% (24h),82%,18%
2025-11-03 10:36:07,"$106,196.16",$2.11T,$51.51B,19.94M BTC,3.88% (24h),82%,18%
2025-11-03 10:48:18,"$105,885.37",$2.11T,$53.1B,19.94M BTC,4.01% (24h),82%,18%
2025-11-03 10:55:48,"$105,809.09",$2.11T,$53.06B,19.94M BTC,4.01% (24h),82%,18%
2025-11-03 11:16:17,"$105,954.21",$2.11T,$55.59B,19.94M BTC,3.47% (24h),82%,18%
2025-11-03 11:42:26,"$106,559.30",$2.12T,$59.05B,19.94M BTC,3.16% (24h),82%,18%
2025-11-03 11:58:20,"$106,720.40",$2.12T,$59.65B,19.94M BTC,3.08% (24h),82%,18%
2025-11-03 12:14:03,"$106,865.91",$2.13T,$60.74B,19.94M BTC,3.01% (24h),82%,18%
2025-11-03 12:33:59,"$107,391.35",$2.14T,$62.21B,19.94M BTC,2.46% (24h),82%,18%
2025-11-03 12:46:54,"$107,508.16",$2.14T,$62.91B,19.94M BTC,2.3% (24h),82%,18%
2025-11-03 12:54:03,"$107,413.12",$2.14T,$63.06B,19.94M BTC,2.38% (24h),82%,18%
2025-11-03 13:18:20,"$107,193.59",$2.13T,$65.44B,19.94M BTC,2.69% (24h),82%,18%
2025-11-03 13:43:11,"$107,034.09",$2.13T,$65.82B,19.94M BTC,2.93% (24h),82%,18%
2025-11-03 13:55:55,"$107,062.39",$2.13T,$66.61B,19.94M BTC,2.92% (24h),82%,18%
2025-11-03 14:10:45,"$106,675.55",$2.12T,$66.58B,19.94M BTC,3.2% (24h),82%,18%
2025-11-03 14:25:29,"$106,893.18",$2.13T,$68.19B,19.94M BTC,2.96% (24h),82%,18%
2025-11-03 14:35:30,"$107,056.90",$2.13T,$68.58B,19.94M BTC,2.75% (24h),82%,18%
2025-11-03 14:43:39,"$107,214.52",$2.13T,$68.86B,19.94M BTC,2.55% (24h),82%,18%
2025-11-03 14:54:40,"$107,136.21",$2.13T,$68.22B,19.94M BTC,2.67% (24h),82%,18%
2025-11-03 15:15:09,"$106,700.39",$2.12T,$68.63B,19.94M BTC,2.98% (24h),82%,18%
2025-11-03 15:35:44,"$106,815.62",$2.13T,$68.76B,19.94M BTC,2.93% (24h),82%,18%
2025-11-03 15:47:13,"$106,518.16",$2.12T,$69.22B,19.94M BTC,3.17% (24h),82%,18%
2025-11-03 15:55:13,"$106,432.30",$2.12T,$69.85B,19.94M BTC,3.29% (24h),82%,18%
2025-11-03 16:12:45,"$106,611.80",$2.12T,$71.24B,19.94M BTC,3.07% (24h),82%,18%
2025-11-03 16:31:10,"$106,653.57",$2.12T,$71.27B,19.94M BTC,3.09% (24h),82%,18%
2025-11-03 16:40:56,"$106,829.53",$2.13T,$72.34B,19.94M BTC,2.91% (24h),82%,18%
2025-11-03 16:48:07,"$106,937.36",$2.13T,$72.45B,19.94M BTC,2.8% (24h),82%,18%
2025-11-03 16:55:24,"$106,927.38",$2.13T,$72.59B,19.94M BTC,2.82% (24h),82%,18%
2025-11-03 17:13:35,"$106,415.95",$2.12T,$72.54B,19.94M BTC,3.25% (24h),82%,18%
2025-11-03 17:35:05,"$106,210.16",$2.11T,$70.65B,19.94M BTC,3.02% (24h),82%,18%
2025-11-03 17:46:41,"$106,492.96",$2.12T,$73.66B,19.94M BTC,2.86% (24h),82%,18%
2025-11-03 17:54:04,"$106,487.45",$2.12T,$73.65B,19.94M BTC,2.96% (24h),82%,18%
2025-11-03 18:12:21,"$106,241.30",$2.11T,$73.35B,19.94M BTC,3.71% (24h),82%,18%
2025-11-03 18:31:29,"$106,471.66",$2.12T,$72.53B,19.94M BTC,3.39% (24h),82%,18%
2025-11-03 18:40:31,"$106,644.76",$2.12T,$72.83B,19.94M BTC,3.42% (24h),82%,18%
2025-11-03 18:47:54,"$106,533.36",$2.12T,$72.84B,19.94M BTC,3.5% (24h),82%,18%
2025-11-03 18:54:42,"$106,519.97",$2.12T,$72.86B,19.94M BTC,3.68% (24h),82%,18%
2025-11-03 19:56:03,"$106,413.02",$2.12T,$73.78B,19.94M BTC,3.2% (24h),82%,18%
2025-11-03 21:27:50,"$107,174.98",$2.13T,$74.85B,19.94M BTC,2.14% (24h),82%,18%
2025-11-03 22:31:34,"$106,872.53",$2.13T,$73.51B,19.94M BTC,1.08% (24h),82%,18%
2025-11-03 22:55:23,"$107,108.06",$2.13T,$72.34B,19.94M BTC,0.82% (24h),82%,18%
2025-11-03 23:16:16,"$107,041.56",$2.13T,$72.53B,19.94M BTC,0.58% (24h),82%,18%
2025-11-03 23:38:32,"$106,853.07",$2.13T,$72.3B,19.94M BTC,0.89% (24h),82%,18%
2025-11-03 23:50:11,"$106,736.27",$2.12T,$71.26B,19.94M BTC,1% (24h),82%,18%
2025-11-03 23:56:24,"$106,722.19",$2.12T,$71.4B,19.94M BTC,1.14% (24h),82%,18%
2025-11-04 00:13:38,"$106,583.72",$2.12T,$71.33B,19.94M BTC,1.14% (24h),82%,18%
2025-11-04 00:35:51,"$105,403.97",$2.1T,$71.55B,19.94M BTC,2.3% (24h),82%,18%
2025-11-04 00:47:09,"$104,891.23",$2.09T,$73.43B,19.94M BTC,2.46% (24h),82%,18%
2025-11-04 00:53:56,"$104,453.63",$2.08T,$73.63B,19.94M BTC,2.9% (24h),82%,18%
2025-11-04 01:19:53,"$104,931.79",$2.09T,$75.97B,19.94M BTC,2.38% (24h),82%,18%
2025-11-04 01:49:20,"$104,548.69",$2.08T,$76.7B,19.94M BTC,2.35% (24h),82%,18%
2025-11-04 02:00:04,"$104,736.01",$2.08T,$76.88B,19.94M BTC,2.56% (24h),82%,18%
2025-11-04 02:20:21,"$104,597.87",$2.08T,$78.77B,19.94M BTC,2.62% (24h),82%,18%
2025-11-04 02:34:34,"$104,528.28",$2.08T,$78.74B,19.94M BTC,2.89% (24h),82%,18%
2025-11-04 02:46:20,"$104,383.16",$2.08T,$79.05B,19.94M BTC,2.86% (24h),82%,18%
2025-11-04 02:54:32,"$104,489.33",$2.08T,$78.32B,19.94M BTC,2.9% (24h),82%,18%
2025-11-04 03:18:18,"$103,802.68",$2.07T,$78.8B,19.94M BTC,3.47% (24h),82%,18%
2025-11-04 03:45:24,"$104,425.34",$2.08T,$80.52B,19.94M BTC,2.61% (24h),82%,18%
2025-11-04 04:00:02,"$104,020.32",$2.07T,$80.26B,19.94M BTC,3.27% (24h),82%,18%
2025-11-04 04:23:21,"$103,724.28",$2.06T,$80.08B,19.94M BTC,3.47% (24h),82%,18%
2025-11-04 04:42:57,"$103,948.83",$2.07T,$81.7B,19.94M BTC,3.07% (24h),82%,18%
2025-11-04 04:54:53,"$103,719.42",$2.06T,$81.72B,19.94M BTC,3.15% (24h),82%,18%
2025-11-04 05:15:51,"$103,681.13",$2.06T,$81.79B,19.94M BTC,3.53% (24h),82%,18%
2025-11-04 05:43:26,"$103,970.40",$2.07T,$82.94B,19.94M BTC,3.04% (24h),82%,18%
2025-11-04 05:56:54,"$103,659.98",$2.06T,$82.21B,19.94M BTC,3.28% (24h),82%,18%
2025-11-04 06:13:06,"$104,119.68",$2.07T,$81.9B,19.94M BTC,3.14% (24h),82%,18%
2025-11-04 06:31:50,"$104,271.30",$2.07T,$82.14B,19.94M BTC,3.13% (24h),82%,18%
2025-11-04 06:42:48,"$104,548.13",$2.08T,$83.05B,19.94M BTC,2.89% (24h),82%,18%
2025-11-04 06:54:07,"$104,512.63",$2.08T,$82.5B,19.94M BTC,3.07% (24h),82%,18%
2025-11-04 07:26:08,"$103,859.82",$2.07T,$82.33B,19.94M BTC,3.95% (24h),82%,18%
2025-11-04 08:10:21,"$103,769.56",$2.06T,$83.32B,19.94M BTC,3.64% (24h),82%,18%
2025-11-04 08:44:42,"$104,166.58",$2.07T,$84.51B,19.94M BTC,3.37% (24h),82%,18%
2025-11-04 08:57:13,"$103,960.39",$2.07T,$84.74B,19.94M BTC,3.71% (24h),82%,18%
2025-11-04 09:14:47,"$103,931.78",$2.07T,$84.69B,19.94M BTC,3.77% (24h),82%,18%
2025-11-04 09:39:51,"$103,045.48",$2.05T,$84.75B,19.94M BTC,4.37% (24h),82%,18%
2025-11-04 09:53:11,"$104,299.02",$2.08T,$86.52B,19.94M BTC,3.36% (24h),82%,18%
2025-11-04 10:14:37,"$104,208.74",$2.07T,$87.15B,19.94M BTC,3.24% (24h),82%,18%
2025-11-04 10:37:14,"$104,200.77",$2.07T,$85.44B,19.94M BTC,2.02% (24h),82%,18%
2025-11-04 10:48:58,"$103,727.65",$2.06T,$85.17B,19.94M BTC,2.02% (24h),82%,18%
2025-11-04 10:56:45,"$103,392.20",$2.06T,$84.41B,19.94M BTC,2.27% (24h),82%,18%
2025-11-04 11:16:49,"$103,023.59",$2.05T,$83.96B,19.94M BTC,2.75% (24h),82%,18%
2025-11-04 11:43:18,"$102,674.14",$2.04T,$82.85B,19.94M BTC,3.6% (24h),82%,18%
2025-11-04 11:58:43,"$102,214.35",$2.03T,$83.41B,19.94M BTC,4.2% (24h),82%,18%
2025-11-04 12:13:29,"$101,328.00",$2.02T,$84.45B,19.94M BTC,5.17% (24h),82%,18%
2025-11-04 12:33:06,"$101,385.87",$2.02T,$87.09B,19.94M BTC,5.49% (24h),82%,18%
2025-11-04 12:46:25,"$101,387.55",$2.02T,$87.03B,19.94M BTC,5.72% (24h),82%,18%
2025-11-04 12:54:11,"$101,113.28",$2.01T,$87.69B,19.94M BTC,5.86% (24h),82%,18%
2025-11-04 13:18:33,"$100,558.42",$2T,$89.15B,19.94M BTC,6.15% (24h),82%,18%
2025-11-04 13:46:55,"$100,976.08",$2.01T,$91.64B,19.94M BTC,5.48% (24h),82%,18%
2025-11-04 13:57:22,"$101,090.43",$2.01T,$92.81B,19.94M BTC,5.49% (24h),82%,18%
2025-11-04 14:11:37,"$101,134.91",$2.01T,$93.49B,19.94M BTC,5.19% (24h),82%,18%
2025-11-04 14:26:35,"$101,482.99",$2.02T,$93.8B,19.94M BTC,5.14% (24h),82%,18%
2025-11-04 14:35:02,"$101,079.59",$2.01T,$94.11B,19.94M BTC,5.57% (24h),82%,18%
2025-11-04 14:43:17,"$100,742.45",$2T,$93.29B,19.94M BTC,5.99% (24h),82%,18%
2025-11-04 14:53:48,"$100,657.18",$2T,$94.72B,19.94M BTC,5.97% (24h),82%,18%
2025-11-04 15:15:34,"$100,267.97",$1.99T,$94.25B,19.94M BTC,6.03% (24h),82%,18%
2025-11-04 15:36:30,"$100,312.50",$2T,$98.93B,19.94M BTC,6.08% (24h),82%,18%
2025-11-04 15:48:11,"$100,852.01",$2.01T,$100.69B,19.94M BTC,5.36% (24h),82%,18%
2025-11-04 15:56:01,"$100,597.02",$2T,$101.19B,19.94M BTC,5.49% (24h),82%,18%
2025-11-04 16:12:54,"$100,529.78",$2T,$98.45B,19.94M BTC,5.73% (24h),82%,18%
2025-11-04 16:31:36,"$99,706.96",$1.98T,$101.11B,19.94M BTC,6.5% (24h),82%,18%
2025-11-04 16:41:00,"$99,322.77",$1.98T,$102.93B,19.94M BTC,7.02% (24h),82%,18%
2025-11-04 16:48:30,"$99,522.04",$1.98T,$104.32B,19.94M BTC,6.93% (24h),82%,18%
2025-11-04 16:55:37,"$99,621.87",$1.98T,$105.26B,19.94M BTC,6.84% (24h),82%,18%
2025-11-04 17:12:22,"$100,841.66",$2.01T,$107.07B,19.94M BTC,5.28% (24h),82%,18%
2025-11-04 17:35:05,"$101,566.84",$2.02T,$108.17B,19.94M BTC,4.37% (24h),82%,18%
2025-11-04 17:47:09,"$101,290.26",$2.02T,$108.52B,19.94M BTC,4.85% (24h),82%,18%
2025-11-04 17:54:48,"$101,017.99",$2.01T,$108.82B,19.94M BTC,5.13% (24h),82%,18%
2025-11-04 18:12:38,"$100,960.46",$2.01T,$110.23B,19.94M BTC,4.96% (24h),82%,18%
2025-11-04 18:31:08,"$101,113.70",$2.01T,$110.62B,19.94M BTC,5.02% (24h),82%,18%
2025-11-04 18:41:56,"$101,230.70",$2.01T,$110.87B,19.94M BTC,5.1% (24h),82%,18%
2025-11-04 18:48:59,"$101,513.93",$2.02T,$109.67B,19.94M BTC,4.66% (24h),82%,18%
2025-11-04 18:56:04,"$101,648.39",$2.02T,$110.45B,19.94M BTC,4.61% (24h),82%,18%
2025-11-04 19:58:18,"$100,621.29",$2T,$110.71B,19.94M BTC,5.41% (24h),82%,18%
2025-11-04 21:30:26,"$101,331.49",$2.02T,$115.94B,19.94M BTC,5.23% (24h),82%,18%
2025-11-04 22:33:43,"$102,041.60",$2.03T,$118.91B,19.94M BTC,4.49% (24h),82%,18%
2025-11-04 22:59:21,"$102,125.15",$2.03T,$122.01B,19.94M BTC,4.67% (24h),82%,18%
2025-11-04 23:22:16,"$101,880.67",$2.03T,$122.34B,19.94M BTC,4.78% (24h),82%,18%
2025-11-04 23:43:39,"$101,998.85",$2.03T,$123.47B,19.94M BTC,4.53% (24h),82%,18%
2025-11-04 23:55:02,"$101,919.51",$2.03T,$124.04B,19.94M BTC,4.54% (24h),82%,18%
2025-11-05 00:14:35,"$102,276.82",$2.03T,$123.15B,19.94M BTC,4.03% (24h),82%,18%
2025-11-05 00:36:00,"$101,928.73",$2.03T,$123.72B,19.94M BTC,3.3% (24h),82%,18%
2025-11-05 00:47:45,"$101,724.02",$2.02T,$121.07B,19.94M BTC,2.98% (24h),82%,18%
2025-11-05 00:55:03,"$101,733.21",$2.02T,$119.9B,19.94M BTC,2.62% (24h),82%,18%
2025-11-05 01:19:54,"$101,827.85",$2.03T,$119.33B,19.94M BTC,3% (24h),82%,18%
2025-11-05 01:48:46,"$101,882.88",$2.03T,$118.54B,19.94M BTC,2.59% (24h),82%,18%
2025-11-05 01:59:23,"$102,093.17",$2.03T,$117.67B,19.94M BTC,2.42% (24h),82%,18%
2025-11-05 02:18:38,"$101,917.23",$2.03T,$116.78B,19.94M BTC,2.54% (24h),82%,18%
2025-11-05 02:33:24,"$101,848.20",$2.03T,$116.55B,19.94M BTC,2.54% (24h),82%,18%
2025-11-05 02:46:18,"$101,901.86",$2.03T,$116.38B,19.94M BTC,2.37% (24h),82%,18%
2025-11-05 02:54:25,"$101,962.53",$2.03T,$116.1B,19.94M BTC,2.44% (24h),82%,18%
2025-11-05 03:18:39,"$101,549.15",$2.02T,$111.08B,19.94M BTC,2.15% (24h),82%,18%
2025-11-05 03:45:50,"$101,507.16",$2.02T,$110.72B,19.94M BTC,2.77% (24h),82%,18%
2025-11-05 04:00:04,"$101,693.61",$2.02T,$113.45B,19.94M BTC,2.23% (24h),82%,18%
2025-11-05 04:22:58,"$101,831.39",$2.03T,$113.81B,19.94M BTC,1.89% (24h),82%,18%
2025-11-05 04:43:14,"$101,921.48",$2.03T,$113.73B,19.94M BTC,1.94% (24h),82%,18%
2025-11-05 04:54:47,"$101,915.58",$2.03T,$113.65B,19.94M BTC,1.76% (24h),82%,18%
2025-11-05 05:15:52,"$101,745.23",$2.02T,$112.08B,19.94M BTC,1.86% (24h),82%,18%
2025-11-05 05:40:43,"$101,740.65",$2.02T,$111.96B,19.94M BTC,1.99% (24h),82%,18%
2025-11-05 05:52:40,"$101,424.09",$2.02T,$111.44B,19.94M BTC,2.1% (24h),82%,18%
2025-11-05 06:13:03,"$101,569.18",$2.02T,$111.11B,19.94M BTC,2.44% (24h),82%,18%
2025-11-05 06:31:16,"$101,668.61",$2.02T,$110.95B,19.94M BTC,2.52% (24h),82%,18%
2025-11-05 06:41:50,"$101,767.75",$2.02T,$110.99B,19.94M BTC,2.65% (24h),82%,18%
2025-11-05 06:48:28,"$101,833.43",$2.03T,$111.56B,19.94M BTC,2.6% (24h),82%,18%
2025-11-05 06:55:21,"$102,012.28",$2.03T,$110.96B,19.94M BTC,2.38% (24h),82%,18%
2025-11-05 07:24:39,"$102,414.09",$2.04T,$111.27B,19.94M BTC,1.66% (24h),82%,18%
2025-11-05 08:07:49,"$102,600.69",$2.04T,$107.55B,19.94M BTC,1.16% (24h),82%,18%
2025-11-05 08:42:36,"$102,819.70",$2.05T,$110.3B,19.94M BTC,1.24% (24h),82%,18%
2025-11-05 08:54:24,"$103,215.94",$2.05T,$110.52B,19.94M BTC,0.73% (24h),82%,18%
2025-11-05 09:14:13,"$102,720.29",$2.04T,$110.82B,19.94M BTC,1.18% (24h),82%,18%
2025-11-05 09:38:25,"$102,429.24",$2.04T,$111.26B,19.94M BTC,0.51% (24h),82%,18%
2025-11-05 09:52:17,"$103,312.55",$2.06T,$110.63B,19.94M BTC,0.97% (24h),82%,18%
2025-11-05 10:14:42,"$103,021.37",$2.05T,$106.2B,19.94M BTC,1.3% (24h),82%,18%
2025-11-05 10:34:01,"$103,369.84",$2.06T,$109.72B,19.94M BTC,0.83% (24h),82%,18%
2025-11-05 10:49:25,"$103,709.08",$2.06T,$109.5B,19.94M BTC,0% (24h),82%,18%
